Title,Score
Dünyanin sonunun geldigi gün,Null
Queen of Hearts: Before Alice Went Down the Rabbit Hole,Null
Alleyway,Null
The Proposal, 45
Retirement, 60
Kral Yolu, 84
Fauces de la noche, 38
Spellbound, 86
RB Leipzig vs 1. FC Union Berlin,Null
Girls! Girls! Girls!, 33
Michael Half-Life,Null
A Case of Deceit,Null
Free to Play, 76
Petra, 94
Shootout at Wadala, 50
Jayeshbhai Jordaar, 80
Missing is a knife, 88
Dead Drop, 24
Un Deseo de Reyes, 95
Life's Cycles,Null
At the edge of today, 91
The Fallen, 86
Black Comedy,Null
65, 36
Asesinos de élite,Null
Tratamiento real, 33
Avenge,Null
Four Strokes,Null
Maturità," 5,8/10"
Broken Vows, 5
I Didn't Mean to Haunt You,Null
The Crying Steppe,Null
Fullmetal Alchemist Manga Dub Chapter 4 - Battle on the Train,Null
Maxakali or the Dance of a Lifetime, 67
The Confessions of The Bat, 85
Forevering, 57
Mu zhong wu ren 2,Null
Vampire's Rage,Null
American Knights, 86
How 2 Catch A Baller, 72
Debt Men, 76
Run Away If You Scared, 41
Mime,Null
Clairevoyant, 75
Henry,Null
Nullpunkt,Null
Cop Secret, 84
A New Leash on Life,Null
Die Taskforce-Nachbarn,Null
Reservations & Chill,Null
The Interview, 51
Raw Power,Null
Weekend, 95
Alice in Somnia, 84
Reconnection,Null
Origen, 81
Lying is Complicated, 76
Half the Battle,Null
Desterro,Null
Krime Story,Null
Harjunpää & pahan pappi, 38
Black Guy on a Rampage: Homicidal Vengeance,Null
El atentado,Null
Faulty Newsroom,Null
En peligro de extinción, 19
Hidden Strike, 24
Déjate llevar, 20
Dive Under, 100
Rabbit Academy: El gran robo de los huevos de Pascua,Null
Slaraffenland,Null
8 Butterflies, 100
A Grim Becoming,Null
Im toten Winkel,Null
Killer - The Hunt, 38
Station 4,Null
Blood Shot, 31
Koytaa Ek Sangharsh,Null
Come What May, 41
Every Screenwriters Group Meeting Ever,Null
Bad Dream, 38
Nikamma, 0
Kala azar,Null
Destroy Madrid, 89
Steaks on a Flame, 98
A Blue Shroud, 78
Plasm 2100: A Greasy Tragedy,Null
Le discours philosophique de Pierre du vendredi soir au samedi apres-midi,Null
Jeter 3000 Cogent Comments,Null
Ijexá,Null
Beautiful Dreamer, 50
"Strange Lover, Or: How I Learned to Stop Worrying and Love the Quarantine", 98
Ui-hyeong-je, 57
Yakuza Apocalypse, 61
A Bedtime Story, 27
Fort Apache, 100
Toni Air,Null
Ramona y su hermana,Null
Hope, 98
Blood First, 86
Edakkad Battalion 06,Null
Apollo Rising, 100
Doble identidad: Jaque al MI5, 65
Doble o nada (Lay the Favorite), 18
En Suite, 91
Catfish Killer,Null
Vera Dreams of the Sea, 100
Yaar Anmulle Returns,Null
A Filha Do Governador (2015/1)," 9,4/10"
No encontrada, 88
Ninjito: Mexican Ninja,Null
I Am Nightmare, 93
The Nice Guy, 91
Tokumei sentai Gôbasutâzu vs Kaizoku sentai Gôkaijâ: The Movie,Null
Purpose, 55
Blade of the 47 Ronin,Null
Chorus, 68
Death!, 61
The Humans, 92
Tang Men,Null
Los Pelayos, 40
San liu nu xia,Null
See piu fung wan,Null
Naked Run,Null
Until the End of Time,Null
¡Shazam!, 90
The Lonely Pioneer,Null
Instinct, 54
Klara, 54
The Grand Escape, 94
La familia perfecta, 80
Wan sudthay..Kxn bay thex,Null
Eternal Damn Nation, 40
Parking Space,Null
Orel i reshka. Kino, 6/10
Zeros and Ones,Null
Belgaum,Null
Malnazidos,Null
Jeff Panacloc: À la poursuite de Jean-Marc,Null
Da wu sheng, 60
Chloe and the Helicopter, 6
Black Butterflies, 91
The Return of the Legend,Null
Ningen shikkaku: Dazai Osamu to 3-nin no onnatachi,Null
"Tan fuerte, tan cerca", 45
Lev stærkt,Null
Nazar Kay Samnay,Null
Bronx, 97
Battle at Beaver Creek,Null
Den dag min ven ikke kom til fodbold,Null
10 Things I Hate About Camping, 88
Bulki,Null
High Hopes, 92
The Scrapper, 94
The Cold Fire, 56
What If Sex Was A Sport 2021,Null
Neron,Null
Rajveer Rahasmay Prem katha,Null
Zombie Fighter,Null
The Trainees,Null
The Library,Null
MacGAYver,Null
Detective Okert: Prehistory, 41
Baseline, 41
Undertaker,Null
Ohsama Sentai King-Ohger vs. Kyoryuger," 3,9/10"
Walking Over Water, 73
L'astronaute, 90
Hoe Dan?,Null
Know Your Enemy, 95
The Hunted, 29
The Adventures of Smokey the Twink and Mark O'Rubio: The Movie,Null
Bad Guys, 88
Due Date, 40
Jiva Shiva,Null
No encontrada, 88
5 Cowok Jagoan: Rise of the Zombies,Null
1:11,Null
Emotions of a Murder,Null
Cervantes Dogs,Null
Deadpool,Null
The Fossil Fools,Null
John Wick: Chapter 3 - Parabellum: HBO First Look, 89
Città d'Oro, 91
James & Pat & Dave,Null
Assassin's Creed Castle Siege Smosh Games,Null
Do Not Disturb, 89
Ko nezino vyrai, 75
Size Up,Null
The Woman Under the Bed, 29
One More Chance, 80
Operation Zeugung (II),Null
Recycle, 67
Gorilla Man 2: Goin' Bananas, 29
I Samma Stund, 82
Catch a Break,Null
Ramos Fizz,Null
Organize Chaos, 27
Blackened, 87
CD Leganés vs Getafe CF,Null
Losers, 48
Avengers, 91
One Crazy Ride,Null
Fate vobis, 63
El año más violento, 90
Cruel and Unusual Therapy, 70
The Crazy Night,Null
Skinny-Webz: Honey I'm Home,Null
Eleanor, 44
Prey, 94
Ghost of a Chance,Null
Sky West and Crooked, 59
Manchester City vs Paris Saint-Germain,Null
Pretence,Null
Skyfall, 92
Battle of Little Bighorn,Null
Foreign scotch,Null
Dean's List, 65
Everybody Loves Jeanne, 100
O Time do Povo, 100
Billy Bubbles, 67
Kollegala,Null
Ghost Rider: Espíritu de venganza, 19
Buddy Cops; The Stakeout, 89
Love Just Is, 94
Broken, 85
The 80s,Null
Mawaali,Null
Inland, 50
How Father Lawrence Briefly Considered a Career in Landscaping,Null
Runner,Null
If Only You Were Mine,Null
Gurasuhoppâ,Null
Neem My Saam,Null
Wine and Roses (and Wine), 100
Monster School: Minecraft Animation,Null
Liverpool Football Club vs Tottenham Hotspur Football Club,Null
Act Your Age, 71
The Carducci Talent Show,Null
Bad Penny, 0
I Am a Hero,Null
A Lonely Conversation, 97
Rama Rama Krishna Krishna,Null
Cleanland,Null
Jake Muller Adventures,Null
Boom Bar, 86
No encontrada, 88
La Gran Muralla, 35
Silence Is Compliance,Null
In the Cage,Null
Underworld: Guerras de sangre, 21
