Title,Score Rotten
"The Red, Black and Blonde: God $ave",Null
The Last Demon Slayer," 87"
Martinelli a Star Wars Fan Story,Null
2 Duros de Roer," 44"
Robin Hood," 14"
Xzee vs OTTWitt,Null
Chhadke 2.0," 55"
Payphone," 72"
Cult Wars: Episode III - Sith Hits the Fan," 79"
La pièce rapportée," 58"
Babbar,Null
La vicina," 56"
Lurk,Null
Projekt Adler - Ein letzter Job,Null
Operación AWOL-72," 28"
The Borrower," 30"
I Was Being Sarcastic," 71"
Crime Story," 20"
Cómo entrenar a tu dragón 2," 92"
Fatal instinct (Por instinto)," 17"
Gary Screams for You,Null
"Prvok, Sampon, Tecka a Karel",Null
Submerged," 24"
Work,Null
Me and the Boys," 44"
Something Borrowed,Null
Ammonium Nitrate,Null
Mercy for Angels,Null
Alba,Null
Naakidhe First Time," 67"
"Forever, My Lover",Null
WebSiteStory,Null
Journey,Null
Byt,Null
The Bad Superhero,Null
Up to Here," 57"
Tormenta infinita," 56"
Vardhana,Null
À Propos du Code,Null
Overdue Newsies,Null
Mind Games,Null
Kamen Raidâ Zerowan Azâzu Kamen Raidâ Metsuboujinrai,Null
As I Am," 50"
Misión: Imposible - Nación secreta," 94"
The Eye," 22"
4 mitades," 37"
Stuck in the Cycle," 67"
Exodus," 31"
Sentô shôjo: Chi no tekkamen densetsu," 38"
Chlap na strídacku," 89"
"Second World: Blood, Fire and Smoke",Null
Deluge," 90"
Xtraction," 67"
Audax,Null
The Karate Kid,Null
Smoked,Null
Theo's Tears,Null
OTE,Null
Liberty Equality Fraternity: Live,Null
What Lola Wants," 29"
No encontrada," 88"
Freestyle v1.0,Null
Pirates Airsoft Team,Null
Un día para morir," 87"
Cookie," 13"
The Fever," 91"
Nasalevtsi: Poor Against Rich," 50"
Supernatural Swamp Slaughter," 90"
Bomb Squad,Null
Rooftops," 10"
The Game,Null
Rounding," 71"
The Other Side,Null
Girls Gone Camping,Null
"Hello, Stranger: The Movie",Null
Hear a No," 89"
"Kamen Raidâ Jiô Next Time: Geitsu, majesutî",Null
Kahi Kshan Premache,72
Ray LaMontagne and John Mayer Cover The Ally McBeal Theme Song,Null
The Plead," 82"
Honor Among Thieves," 91"
Tekken," 0"
Pawns," 27"
Adèle y el misterio de la momia," 85"
Black Guy on a Rampage: Angel of Death," 23"
Help! My Girlfriend Is Literally Dying," 35"
The Beach House," 81"
Bittersweet," 8"
Mostro," 97"
Sayonara Speed Tribes,79
The Man Behind the Glass," 80"
Alexander," 16"
Iron Temple," 100"
Gold," 65"
Jagtsæson," 57"
Koli Taal," 100"
Hanging on to Love,Null
The Strange Life of Dame Paula Wilhelm," 76"
El francotirador," 72"
Evil Con Carne Reanimated Collab,Null
Roulette,Null
Five Minutes a Day," 76"
La bestia," 68"
Orcs!," 12"
Street Fighter 4 Play Expo Promo,Null
My Existential Crisis,Null
No encontrada," 88"
yeh mard bechara,Null
Sound Mind: No Longer Home,Null
Prisoner," 81"
Mirror Mirror," 49"
Faking a Murderer," 40"
Calibro 9," 100"
Wild Card," 32"
Waking Up,Null
Borning: A todo gas," 56"
Crazy Daisy,Null
Olimpo Andalucía," 80"
The Pink Lotus," 92"
Airborne," 31"
Game of Death," 58"
Finding Jane," 58"
The Quest for the Macguffin," 92"
The Assistant," 93"
"Good Guys, Inc."," 71"
Loot,Null
#BerhentiDiKamu
The Devil's Ring,Null
El amante de Lady Chatterley," 86"
Leaves," 67"
Forget Me Not," 69"
The Chinese Tourist," 68"
Beyond the Trophy," 33"
Black People Don't Tango,Null
Breakdown," 83"
Khaleja," 65"
Wo di 1000," 22"
EL Clásico,Null
Wayfarers,Null
Domino,Null
Teresa Rosales La Capitana,Null
RiffTrax: Captain America: The First Avenger," 80"
Tooken,Null
No encontrada," 88"
Dinner Party," 85"
Vice," 65"
All Tied Up," 20"
The Orpheus Summer House,Null
The Knight Squad,Null
What Men Don't Know About Women," 75"
Meet the Blands," 67"
Dobro pozhalovat v semyu. Povar iz Neapolya,Null
Hemp Queen," 67"
Cherry Bomb,Null
Form 1," 96"
Saya E Khuda E Zuljalal,Null
Compartment," 93"
Jhimma,Null
Killers," 10"
The Power," 74"
"In, Marion",Null
Destination 51," 49"
Bloody Luck,Null
Deliciae,Null
O Segundo Homem," 86"
Tottenham Hotspur vs Queens Park Rangers,Null
Flatters,Null
Vampiros del Hampa," 98"
Casting,Null
Once a Soja: Agubiri the Gateman,Null
Dorm of the Dead," 14"
Papy protiv mam,40
Exercise Class," 0"
La tierra y la sangre," 0"
"The End, The Beginning"," 88"
Find the Light," 27"
Los hijos del dragón verde,Null
Dani Thompson in Everybody is Turning Into Me," 98"
Apocalypse A-Go-Go,Null
Though I Walk Through the Valley,Null
Karnan,Null
Las apariencias engañan," 76"
Welfare Check,Null
Elvis,Null
Strike One," 88"
Serge,Null
El caso Villa Caprice,Null
Water,Null
Speed asesino,Null
Coffee with a Madman,Null
Never,Null
The Veil Removed," 50"
Juego de ladrones: El atraco perfecto," 68"
Beast: Chronicles of Parker,Null
Frame 137,Null
Un desmadre de viaje," 37"
Scattered,Null
Shoal,Null
Embedded,Null
Spare Time Killers,Null
Drácula: La leyenda jamás contada," 25"
Cindy's New Boyfriend,Null
Jostissi de Carreró,Null
The Redhaired,Null
Mummy Brown,Null
Savaged," 88"
You Have the Right to Remain Violent," 90"
Y.O.L.O (You Only Live Once),Null
"Have Wine, Will Travel",Null
Yo soy Papá Noel,Null
El padre de la novia," 80"
Fate of the Night,Null
Jack Stone y Clank: Fusión fría,Null
The Promise," 51"
Amor y otras drogas," 49"
Twist," 9"
Las grietas," 86"
The Clarinet," 13"
The Gauntlet," 75"
Steel-Man," 56"
Jack the Giant Killer," 78"
Farworld," 50"
Frankie's Redemption," 89"
Tensión máxima," 63"
Not Black Enough,Null
The King Hector Lavoe," 25"
"Kôshônin: The movie - Taimu rimitto kôdo 10,000 m no zunôsen",Null
Project 12: The Bunker," 20"
The Judas Run," 42"
The Fields," 60"
Los voyeurs," 44"
Tea Time,Null
The War," 25"
Wyrmwood: La carretera de los muertos," 82"
The viral factor," 56"
Superior," 66"
Jugando con la muerte," 58"
Drive," 93"
Heat," 83"
Gullregn,Null
"Stand Up, Sit Down",Null
Blessing,Null
The Bad Guys 2," 88"
Thalaivi," 20"
We All Laugh," 50"
Nique le privé!," 74"
El valle oscuro," 33"
You Really Got Me,Null
Guardianes de la Galaxia Vol. 3," 82"
Lego Gateway to the Land of Weird and Madness,Null
Tottenham Hotspur Football Club vs Liverpool Football Club,Null
Into the Woods,Null
Enemy," 72"
Gearheads,Null
A Stormy Night,Null
La ola de crímenes,Null
Titane,Null
Reboot Camp,Null
Bait (Carnada),Null
Passages,Null
Handjob Cabin,Null
Case #111-878,Null
What Lies Ahead Part II," 18"
Long Shot Louie,Null
Un plan perfecto,Null
Bangaru Bullodu,Null
Historias para no contar,Null
Dinner With Grandma,Null
Vaazhl,Null
Sonata,Null
RoboCop,Null
Bula Quo!,Null
Kodiyil Oruvan,Null
5-25-77,Null
The Immortal President,Null
Writer's Block,Null
The Sound Eye,Null
Home Movies,Null
American Muscle,Null
Adventures in Success,Null
Losers Revolution,Null
Lâcher Prise,Null
Mullapoo Viplavam,Null
Sarileru Neekevvaru,Null
Ting er zou xian,Null
Rooftop Wars,Null
Hollywood Ghosts,Null
The Christmas Project 2,Null
A Walk in West LA,Null
Centurión,Null
Ta hronika tou Drakofoinika: Adamastos,Null
Forgotten Kingdom,Null
The Beginning & The Middle," 40"
Waiting for Eve,Null
Suzume,Null
Let Me Assist You,Null
Fix Me,Null
Siegfried's Cooking Adventures - Colombian Casserole 1.1,Null
The Stalking Investigators Movie,Null
Mujeres Silenciosas,Null
Black Ops Arabesque,Null
The Trials,Null
Get Lucky,Null
Yuma,Null
Wrony,Null
Cheater Cheater,Null
Beaver Boys,Null
Dog Day,Null
Bittersweet Sundays,Null
Rainey Storms,Null
Mum-BHAIs,Null
Bullett Raja,Null
Vairam,Null
The Economy Parody,Null
Me Again...,Null
Huonot naiset,Null
Mass State Lottery," 67"
Encrypted: The Cyber Crime,Null
Óskin," 76"
Thomas mot Thomas (en sensasjonell teori om det ubetydelige livet i multiverset),Null
El increíble Burt Wonderstone,Null
Krigarnas ö,Null
John Seena,Null
Babyface,Null
Danime,Null
Jack Squat,Null
Chyby,Null
Liam: The New Manager,Null
Sorry But No," 58"
Takes Me Back,Null
Teech and Bron,Null
Predators,Null
Coucou,Null
Shitty,Null
The Truth Has Changed," 87"
Pixel Batman: Enter The Phantom Zone," 85"
Mabel,Null
Mr.7533's last two options,Null
The Contract,Null
The Final Night and Day,Null
Náttuglan,Null
"Jeunesse, mon amour",Null
Corrupto de Amor,Null
Talion,Null
Sin pudor,Null
Lightyear,Null
Bembeyaz,Null
Oversized Coat,Null
Corazones en Llamas 3,Null
Delicious Poison,Null
DSP Dev,Null
No encontrada,Null
Doctor Who: The Runaway,Null
Legacy of Thorn,Null
Laundry Day,Null
Revenge - A Minecraft Parody of Usher's DJ Got Us Fallin' In Love,Null
Plantados,Null
Yowis Ben 3,Null
Sleeping Beauty,Null
Exit Road,Null
Old Ladies Find Money," 30"
Our Males and Females,Null
Greetings from Sarajevo,Null
El americano,Null
Still the Water,Null
Ring,Null
Transmission,Null
Queen of Diamonds,Null
Out of the Darkness,Null
Rien ne peut t'arrêter,Null
Moving A Couch in a Walk-Up," 46"
Mi primer beso 3,Null
Just Two Dads,Null
Soul Eclipse,Null
Mashin Sentai Kirameijâ Za Mûbî: Bî-Bappu Dorîmu,Null
Commando: Bloodline,Null
Summertime,Null
Asbury Park,Null
Bu-bu-settete...!,Null
Espías desde el cielo,Null
The Forgotten King,Null
Bluefish,Null
The Unethicals,Null
Koresha,Null
O Truque de Magia,Null
Caçadores-Caçados - Delator Incomum,Null
First Nights,Null
"Furyou shounen: 3,000-nin no atama",Null
For Different Reasons,Null
El último mercenario,Null
Expulsion,Null
Duck Egg Blue,Null
Noc v Mariandu,Null
In God We Trust,Null
Golondrinas,Null
Maria Chapdelaine,Null
Buzz Cut,Null
PLUG en PLAY,Null
Kickboxer: Venganza,Null
Clark Zhu's Moving Pictures 2018: Movie Trailer Mashup,Null
F.M. Live,Null
"Me, Myself and Di",Null
Dune Dreams," 83"
Flux Gourmet,Null
No encontrada,Null
Mangoshake,Null
Follow Me Down,Null
Offensive Coca Cola Ad,Null
La Hora Cero,Null
Room 7,Null
Vanity Project,Null
La conspiración de noviembre,Null
Educazione fisica,Null
CD Leganés vs Girona FC,Null
I teliki apopliromi,Null
Ambareesha,Null
U-Turn,Null
No encontrada,Null
Death,Null
Kapitano,Null
Így vagy tökéletes,Null
Rush,Null
Briefcase,Null
2020,Null
Otra vez Juan?,Null
El ruidito,Null
I Love America Comedy," 46"
Pizza and Bullets,Null
Gundam G no Reconguista from the Past to the Future,Null
Remington,Null
X-Men: Primera generación,Null
Hands,Null
La conferencia,Null
Historia Lizy,Null
Soliloque,Null
Sicario,Null
Superman: Requiem,Null
Big Trouble in Jackass Flats,Null
El último pasajero,Null
Falla girare,Null
The Kungfu Warrior,Null
Bajo terapia,Null
Matka v trapu,Null
The Show Might Go On," 59"
Les visiteurs,Null
Free Ride,Null
The Tricycle Thief,Null
Black War: Mission Extreme 2,Null
Daniel Craig vs James Bond,Null
Send No Flowers,Null
No encontrada,Null
Mary Kom,Null
Aka Tunka,Null
Causality,Null
Die stillen Trabanten,Null
Cowboy Kill Club," 92"
He Who Dares,Null
The Silent Service,Null
Dark Fusion,Null
Linda Must Die," 82"
Hide and Seek,Null
I'm Peach,Null
Red Yellow Pink," 76"
Man Under Table,Null
Anaganaga O Dheerudu,Null
Koorman,Null
JC's Honey Trap,Null
Khoon-e Khoda,Null
Agent Stone,Null
Asalto al poder,Null
Xenobot,Null
Rózyczka 2,Null
Nemesis,Null
Consilium,Null
Seda Mawathe,Null
Coffee Run,Null
Imparable,Null
Lucky Grandma,Null
La boda de Rosa,Null
A este lado del mundo,Null
Killing Kitty,Null
Clout,Null
Young Grandpa,Null
Eskortnitsa,Null
Mythica: La espora negra,Null
Santa Valentine,Null
Zombie Camp,Null
The Wedding Pact 2: The Baby Pact,Null
Tags,Null
The Reaper,Null
Passage,Null
Appetite,Null
La Hija de la Muerte," 82"
Red Bull Project X,Null
Formulation,Null
Modo avión,Null
Short Track Saturday Night," 40"
Polar,Null
Koncert,Null
H20: 305 Hoss Tournament,Null
Dünyanin sonunun geldigi gün,Null
Queen of Hearts: Before Alice Went Down the Rabbit Hole,Null
Alleyway,Null
The Proposal," 45"
Retirement," 60"
Kral Yolu," 84"
Fauces de la noche," 38"
Spellbound," 86"
RB Leipzig vs 1. FC Union Berlin,Null
Girls! Girls! Girls!," 33"
Michael Half-Life,Null
A Case of Deceit,Null
Free to Play," 76"
Petra," 94"
Shootout at Wadala," 50"
Jayeshbhai Jordaar," 80"
Missing is a knife," 88"
Dead Drop," 24"
Un Deseo de Reyes," 95"
Life's Cycles,Null
At the edge of today," 91"
The Fallen," 86"
Black Comedy,Null
65," 36"
Asesinos de élite,Null
Tratamiento real," 33"
Avenge,Null
Four Strokes,Null
Maturità,58
Broken Vows," 5"
I Didn't Mean to Haunt You,Null
The Crying Steppe,Null
Fullmetal Alchemist Manga Dub Chapter 4 - Battle on the Train,Null
Maxakali or the Dance of a Lifetime," 67"
The Confessions of The Bat," 85"
Forevering," 57"
Mu zhong wu ren 2,Null
Vampire's Rage,Null
American Knights," 86"
How 2 Catch A Baller," 72"
Debt Men," 76"
Run Away If You Scared," 41"
Mime,Null
Clairevoyant," 75"
Henry,Null
Nullpunkt,Null
Cop Secret," 84"
A New Leash on Life,Null
Die Taskforce-Nachbarn,Null
Reservations & Chill,Null
The Interview," 51"
Raw Power,Null
Weekend," 95"
Alice in Somnia," 84"
Reconnection,Null
Origen," 81"
Lying is Complicated," 76"
Half the Battle,Null
Desterro,Null
Krime Story,Null
Harjunpää & pahan pappi," 38"
Black Guy on a Rampage: Homicidal Vengeance,Null
El atentado,Null
Faulty Newsroom,Null
En peligro de extinción," 19"
Hidden Strike," 24"
Déjate llevar," 20"
Dive Under," 100"
Rabbit Academy: El gran robo de los huevos de Pascua,Null
Slaraffenland,Null
8 Butterflies," 100"
A Grim Becoming,Null
Im toten Winkel,Null
Killer - The Hunt," 38"
Station 4,Null
Blood Shot," 31"
Koytaa Ek Sangharsh,Null
,
Come What May," 41"
Every Screenwriters Group Meeting Ever,Null
Bad Dream," 38"
Nikamma," 0"
Kala azar,Null
Destroy Madrid," 89"
Steaks on a Flame," 98"
A Blue Shroud," 78"
Plasm 2100: A Greasy Tragedy,Null
Le discours philosophique de Pierre du vendredi soir au samedi apres-midi,Null
Jeter 3000 Cogent Comments,Null
Ijexá,Null
Beautiful Dreamer," 50"
"Strange Lover, Or: How I Learned to Stop Worrying and Love the Quarantine"," 98"
Ui-hyeong-je," 57"
Yakuza Apocalypse," 61"
A Bedtime Story," 27"
Fort Apache," 100"
Toni Air,Null
Ramona y su hermana,Null
Hope," 98"
Blood First," 86"
Edakkad Battalion 06,Null
Apollo Rising," 100"
Doble identidad: Jaque al MI5," 65"
Doble o nada (Lay the Favorite)," 18"
En Suite," 91"
Catfish Killer,Null
Vera Dreams of the Sea," 100"
Yaar Anmulle Returns,Null
A Filha Do Governador (2015/1),94
No encontrada," 88"
Ninjito: Mexican Ninja,Null
I Am Nightmare," 93"
The Nice Guy," 91"
Tokumei sentai Gôbasutâzu vs Kaizoku sentai Gôkaijâ: The Movie,Null
Purpose," 55"
Blade of the 47 Ronin,Null
Chorus," 68"
Death!," 61"
The Humans," 92"
Tang Men,Null
Los Pelayos," 40"
San liu nu xia,Null
See piu fung wan,Null
Naked Run,Null
Until the End of Time,Null
¡Shazam!," 90"
The Lonely Pioneer,Null
Instinct," 54"
Klara," 54"
The Grand Escape," 94"
La familia perfecta," 80"
Wan sudthay..Kxn bay thex,Null
Eternal Damn Nation," 40"
Parking Space,Null
Orel i reshka. Kino,60
Zeros and Ones,Null
Belgaum,Null
Malnazidos,Null
Jeff Panacloc: À la poursuite de Jean-Marc,Null
Da wu sheng," 60"
Chloe and the Helicopter," 6"
Black Butterflies," 91"
The Return of the Legend,Null
Ningen shikkaku: Dazai Osamu to 3-nin no onnatachi,Null
"Tan fuerte, tan cerca"," 45"
Lev stærkt,Null
Nazar Kay Samnay,Null
Bronx," 97"
Battle at Beaver Creek,Null
Den dag min ven ikke kom til fodbold,Null
10 Things I Hate About Camping," 88"
Bulki,Null
High Hopes," 92"
The Scrapper," 94"
The Cold Fire," 56"
What If Sex Was A Sport 2021,Null
Neron,Null
Rajveer Rahasmay Prem katha,Null
Zombie Fighter,Null
The Trainees,Null
The Library,Null
MacGAYver,Null
Detective Okert: Prehistory," 41"
Baseline," 41"
Undertaker,Null
Ohsama Sentai King-Ohger vs. Kyoryuger,39
Walking Over Water," 73"
L'astronaute," 90"
Hoe Dan?,Null
Know Your Enemy," 95"
The Hunted," 29"
The Adventures of Smokey the Twink and Mark O'Rubio: The Movie,Null
Bad Guys," 88"
Due Date," 40"
Jiva Shiva,Null
No encontrada," 88"
5 Cowok Jagoan: Rise of the Zombies,Null
1:11,Null
Emotions of a Murder,Null
Cervantes Dogs,Null
Deadpool,Null
The Fossil Fools,Null
John Wick: Chapter 3 - Parabellum: HBO First Look," 89"
Città d'Oro," 91"
James & Pat & Dave,Null
Assassin's Creed Castle Siege Smosh Games,Null
Do Not Disturb," 89"
Ko nezino vyrai," 75"
Size Up,Null
The Woman Under the Bed," 29"
One More Chance," 80"
Operation Zeugung (II),Null
Recycle," 67"
Gorilla Man 2: Goin' Bananas," 29"
I Samma Stund," 82"
Catch a Break,Null
Ramos Fizz,Null
Organize Chaos," 27"
Blackened," 87"
CD Leganés vs Getafe CF,Null
Losers," 48"
Avengers," 91"
One Crazy Ride,Null
Fate vobis," 63"
El año más violento," 90"
Cruel and Unusual Therapy," 70"
The Crazy Night,Null
Skinny-Webz: Honey I'm Home,Null
Eleanor," 44"
Prey," 94"
Ghost of a Chance,Null
Sky West and Crooked," 59"
Manchester City vs Paris Saint-Germain,Null
Pretence,Null
Skyfall," 92"
Battle of Little Bighorn,Null
Foreign scotch,Null
Dean's List," 65"
Everybody Loves Jeanne," 100"
O Time do Povo," 100"
Billy Bubbles," 67"
Kollegala,Null
Ghost Rider: Espíritu de venganza," 19"
Buddy Cops; The Stakeout," 89"
Love Just Is," 94"
Broken," 85"
The 80s,Null
Mawaali,Null
Inland," 50"
How Father Lawrence Briefly Considered a Career in Landscaping,Null
Runner,Null
If Only You Were Mine,Null
Gurasuhoppâ,Null
Neem My Saam,Null
Wine and Roses (and Wine)," 100"
Monster School: Minecraft Animation,Null
Liverpool Football Club vs Tottenham Hotspur Football Club,Null
Act Your Age," 71"
The Carducci Talent Show,Null
Bad Penny," 0"
I Am a Hero,Null
A Lonely Conversation," 97"
Rama Rama Krishna Krishna,Null
Cleanland,Null
Jake Muller Adventures,Null
Boom Bar," 86"
No encontrada," 88"
La Gran Muralla," 35"
Silence Is Compliance,Null
In the Cage,Null
Underworld: Guerras de sangre," 21"
Ama,Null
Gekijo-ban Porisu × Senshi rabupatorina! ~ Kaito kara no chosen! Rabu de papatto taiho seyo!~,Null
Brahma,Null
Ghost Sword,Null
The Road To Hippie," 54"
Sbagliando s'impara,Null
Les piliers défaillants," 64"
"Two Cops, A Guy and A Phone"," 79"
Icon,Null
Dot,Null
Trinity," 46"
Life Mission," 94"
Cuando la Música Deja de Sonar," 67"
The Fight," 99"
Your First Day in Hell," 87"
Sinjar,Null
Mercy," 0"
I Love You Moocho,Null
Gold Coast Lounge,Null
Denizen,Null
R... Rajkumar," 0"
Kung Fu Panda 3," 86"
To Be Someone,Null
Rafadan Tayfa Galaktik Tayfa,Null
Santa's Hunger,Null
Omme Nodide,Null
Blitzpatrollie,Null
Parking in LA,Null
The Headless Hipster," 38"
Hayvan," 30"
Five Times A Day," 78"
Dahlias: Wild Card," 32"
I Am Kane," 99"
Rambler," 33"
The Demolisher," 80"
Weird City: Beast Mode," 63"
Miesten juoma,Null
The Wiggles Do the Wiggle,Null
Celebrity Apprentice: Pillow Fight,Null
Switch," 32"
Saint Micheal! Avenge Me!,Null
I,Null
St. Louis Superman,Null
End of the Line," 49"
Weirdoes," 93"
Udgangen finder De samme sted De kom ind,Null
Riding Liberty,Null
Brother's Revenge,Null
Zeen?," 95"
Dying for Living,Null
Transit," 95"
FartZilla," 76"
Deceivers," 33"
Betrayal," 86"
Best Wishes,Null
Zhong guo lan kui,Null
The Killer Drown," 80"
Homicidal Kitty,Null
Creepers 'R Us,Null
La isla de los olvidados," 94"
Avalanche,Null
El árbol de la vida,Null
Monsters in the Closet,Null
Sombras tenebrosas," 35"
Sevda Mecburi Istikamet,Null
Fine Leather Goods,Null
Epoch: The Rebel," 16"
No encontrada," 88"
End of the World," 11"
Subconscious,Null
Pipe Dream," 72"
Bunker," 11"
Rundown: Charlie V Tender,Null
Nocturnal Medicine,Null
CF Reus Deportiu vs CD Lugo,Null
Vengeance Is Mine," 71"
Chocolate Malady,Null
When the Screaming Starts," 100"
Khun Phaen Begins,Null
Le voleur rose," 0"
Anadolu Leopari,Null
Conventus," 26"
Namma Oorukku Ennadhan Achu,Null
Mirror Spider," 97"
La última Bulgaria querida,Null
Mayonaka otome sensô,Null
El Ondeado: ¿Héroe o villano?,Null
Juweeldiewe,Null
Super Vixens 6," 100"
Sensitive Senses,Null
The Suit," 91"
Dustin,Null
For the Best,Null
El perfecto David,Null
Super Smash Bros: The Movie," 59"
Rama Rao on Duty,Null
Alex Pandian," 0"
Mortal Kombat - Stunt/Fight Choreography Behind the Scenes Clip,Null
The Story of F***,Null
Oosa Aafin,Null
Maigret," 91"
Kamen Raidâ Ôzu 10th: Fukkatsu no Coa Medaru,Null
Postuchis v moyu Tver," 68"
Eyimofe (This is My Desire)," 100"
Asalto al banco de St. Luis," 41"
Love Forever,Null
Egise Taara Juvvalu,Null
El extranjero," 66"
Green Banana,Null
The Trouble with Cali,Null
En mil pedazos,Null
"Hey There, Rider",Null
Team Stretch," 73"
Jedi Fight,Null
22,Null
"You and Me, Me and You"," 80"
Cardelinas," 25"
Brian y Charles," 84"
What Are Friends for," 78"
80613,Null
The Knight Out," 97"
Quixotic: Highway Violence,Null
Point of Deception," 83"
The Break In," 11"
Brutal," 17"
La Venganza de la Mujer Serpiente," 85"
MAX - La Serie Web Animada,Null
Zoe," 32"
Fallen Dream,Null
A Strange Meeting," 76"
She Was Insane," 11"
The Struggle," 29"
Hell on Wheels Gang Girls Forever," 60"
The Agency,Null
Behind the Mask," 76"
The Feather: The Agatha Tiegel Hanson Story,Null
We Still Kill the Old Way," 36"
Paan Singh Tomar," 89"
Deep Gold," 29"
Powerless," 61"
The Floor Whisper,Null
El juego del asesino," 13"
Just Desserts," 48"
Le spectre du fer," 89"
Privileged," 63"
Juniper," 92"
La verdad," 87"
Dadayama,Null
When She Got a Male Best Friend,Null
The Last Kick," 45"
Once Upon a Time in... Action Land," 78"
Quincas Berro d'Água," 37"
El App," 45"
Ride Away,Null
Nineteen Eighty-Fear," 46"
The Amazing Spider-Man," 71"
Vê Quê An Têt,Null
Ictus,Null
La versión persa," 84"
Want To Pick Me Up?,Null
Thomas Bilodeau's tale,Null
Pink Elephant,Null
Dark Strings," 86"
Battle Fantasy X Chow Chow,Null
The Power of Inclusion,Null
The Ouiji Spot," 9"
Causality,Null
Spider-Man: Wieczny Bohater," 93"
Tonton Maurice," 82"
Danny Jigar,Null
Uberstein - Operation Wunderwaffe,Null
The Borderland," 83"
La nube,Null
Sin," 95"
13 asesinos," 95"
San Andrés," 49"
La dernière recrue," 100"
Are We Good?,Null
GAAYAM,Null
Ladybug PV,Null
Multiversal Rewind,Null
Afternoon Clouds,Null
Thalli Pogathey,Null
RiffTrax: The Hunger Games," 63"
Karate Man," 69"
Just in Time,Null
Flat Earth: To the Edge and Back,Null
Xue zhan Tong Luo Wan 2,Null
NYET! - a Brexit UK Border Farce," 81"
Mayday," 54"
Tamilarasan,Null
Well Done Baby,Null
Persecuted," 0"
Welkin,Null
Unwritten,Null
Raquel's Legacy the Revenge,Null
The zombies want the Bronx," 90"
Dream Sequence," 91"
Kingdom 2: To Distant Lands,Null
Heart String Marionette,Null
Fleeced,Null
Pariah Volume 1: Every Street Dog Has a Name," 100"
30 minutos para morir," 45"
Heavily Soiled,Null
Fang," 83"
Octopus," 14"
La venganza del hombre muerto," 41"
"Paris, I Hate You",Null
US - the people," 40"
Space Monkey,Null
Wakko's Wish ReWished," 80"
Reco,Null
National Meditation League,Null
Once Upon a Lifetime," 100"
Dick Figures: The Movie," 82"
Friday the 13th: Extraction,Null
Raid," 87"
ColoradoLand,Null
Lure," 89"
First shot," 42"
Doctor Strange. Doctor Extraño," 73"
Neolovismo,Null
Halal Love Story," 75"
Attack," 100"
Two for rent," 75"
Be Strong!," 50"
Guardianes de la Galaxia," 92"
The Last Weekend," 38"
InHumane Resources,Null
Tahmineh,Null
No encontrada," 88"
¡Que viva México!," 29"
Maledetto Taipan,Null
Superman Rises," 74"
Retreat!," 62"
Centauro," 80"
Jack Ryan: Operación Sombra," 54"
Ova ne e amerikanski film,Null
Jengo Hooper,Null
Compromise,Null
Darkest Day," 14"
Buddhi De,Null
Múltiples sarcasmos," 9"
Parade," 60"
Her Dreams," 100"
Tab,Null
Who Is Slim?," 50"
Get Real," 79"
For Christ's Sake,Null
